,Media,Demographic,Genre,Theme
"Killing Bites","Anime,Manga",Seinen,"Action,Adventure,Science Fiction","Ecchi,Mutants,Battle"
"Kimagure Orange Road","Anime,Manga,Novel,Original Video Animation,Film,Games,Audio Drama",Shōnen,"Drama,Romance,Slice of Life,Supernatural","Psychic,School Life"
"Kimba the White Lion","Anime,Manga,Original Video Animation,Film",Shōnen,"Adventure,Comedy,Drama","Coming of Age"
"Kimi ga Aruji de Shitsuji ga Ore de","Anime,Manga,Original Video Animation,Games,Audio Drama",,"Comedy,Romance","Ecchi,Parody,Harem"
"Kimi ga Nozomu Eien","Anime,Visual novel,Original Video Animation,Games",,"Drama,Romance","Love Triangle,Ecchi"
"Kimi ni Todoke","Anime,Manga",,"Comedy,Romance,Slice of Life",
"Kimi no Suizou wo Tabetai","Anime,Manga,Novel,Film,Live Action",,"Drama,Romance","School,Tragedy"
"Kimi to Boku.","Anime,Manga",,Comedy,
KimiKiss,"Anime,Manga,Light novel,Games",,Romance,
"Kindaichi Shōnen no Jikenbo","Anime,Manga,Light novel,Original Video Animation,Film,Live Action,TV drama,Audio Drama",Shōnen,"Drama,Mystery,Slice of Life",
"King of Prism","Film,Guide Book,Anime,Games",Shōjo,Sports,Music
Kingdom,"Anime,Manga,Games",,"Action,Drama",Historical
"Kiniro Mosaic","Anime,Manga",,"Comedy,Slice of Life",
Kinnikuman,"Anime,Manga,Film,Games",,"Comedy,Sports",Wrestling
"Kino no Tabi: The Beautiful World","Anime,Visual novel,Film,Games,Audio Drama",,"Action,Adventure,Psychological,Science Fiction,Slice of Life",Steampunk
"Kirarin Revolution","Anime,Manga,Live Action,Games",Shōjo,"Comedy,Romance",
"Kiratto Pri☆Chan","Anime,Film,Games",,,"Idol,Musical"
Kirby,"Anime,Manga,Games,Guide Book",,"Action,Adventure",
"Kishuku Gakkou no Juliet","Anime,Manga,Light novel",Shōnen,"Comedy,Romance","School Life"
"Kiss Him, Not Me","Anime,Manga,Audio Drama",Shōjo,"Comedy,Slice of Life","Reverse Harem,Otaku"
Kiss×Sis,"Anime,Manga,Original Video Animation",Seinen,"Comedy,Romance",Harem
"Kitakubu Katsudou Kiroku","Anime,Manga",,"Comedy,Slice of Life",
"Kiteretsu Daihyakka","Anime,Manga,Film,Games",Kodomo,"Comedy,Drama,Science Fiction",
"Kitsune no Koe","Anime,Manhua",,Drama,"Music,Idol"
Kiznaiver,"Anime,Manga",,"Action,Drama,Science Fiction",
"Knight's & Magic","Anime,Manga,Light novel",,"Adventure,Fantasy,Mecha","Parallel World,Reincarnation"
Kobato.,"Anime,Manga",,"Fantasy,Romance",
"Kochira Katsushika-ku Kameari Kōen-mae Hashutsujo","Anime,Manga,Film,Live Action,TV drama,Games",,"Action,Comedy",Police
"Kochoki: Wakaki Nobunaga",Anime,,"Action,Drama","Historical,Samurai"
"Kodomo no Jikan","Anime,Manga,Light novel,Original Video Animation",,"Comedy,Drama,Romance","Elementary School,Fanservice"
"Kodomo no Omocha","Anime,Manga,Original Video Animation",,"Comedy,Drama,Romance",
"Koe de Oshigoto!","Anime,Manga,Original Video Animation",,"Comedy,Romance",
"Koi Kaze","Anime,Manga",,"Drama,Romance",
"Koi Koi Seven","Anime,Manga",,"Action,Mecha",
"Koi Tabi ∼ True Tours Nanto",Anime,,Romance,
"Koi to Senkyo to Chocolate","Anime,Manga,Visual novel,Games",,"Comedy,Drama,Romance,Yuri","School,Politics"
"Koi to Uso","Anime,Manga,Film,Live Action",,"Drama,Romance",
"Koi wa Ameagari no You ni","Anime,Manga",,"Romance,Slice of Life",
Koi-ken!,"Anime,Manga,Original Video Animation",,"Comedy,Romance","School Life"
Koihime†Musou,"Anime,Manga,Visual novel,Original Video Animation,Games",,"Action,Adventure,Comedy,Romance",
Kokkoku,"Anime,Manga",Seinen,"Action,Adventure,Drama,Science Fiction",
"Kokoro Connect","Anime,Original Video Animation,Manga,Light novel,Visual novel,Games,Audio Drama",,"Comedy,Drama,Psychological,Romance",
"Kokoro Toshokan","Manga,Anime",Shōnen,"Science Fiction,Drama,Comedy",Moe
"Kokuhaku Jikkō Iinkai ~Ren'ai Series~","Anime,Light novel,Film",,"Romance,Slice of Life",
"Komori-san wa Kotowarenai!","Anime,Manga",Seinen,"Comedy,Slice of Life",
"Konbini Kareshi","Anime,Light novel",,"Slice of Life,Romance",
"Kono Bijutsubu ni wa Mondai ga Aru!","Anime,Manga",Seinen,Comedy,Chuunibyou
"Kono Naka ni Hitori, Imouto ga Iru!","Anime,Manga,Light novel,Original Video Animation",,"Comedy,Romance",Harem
"Kono Oto Tomare!","Anime,Manga",Shōnen,"Comedy,Romance,Slice of Life","School Life,Music"
"Kono Subarashii Sekai ni Shukufuku wo!","Anime,Manga,Light novel,Visual novel,Novel,Games,Guide Book",,"Adventure,Comedy,Fantasy","Parallel World"
"Konohana Kitan","Anime,Manga",,"Fantasy,Slice of Life",
"Kore wa Zombie Desu ka?","Anime,Manga,Light novel,Original Video Animation",,"Comedy,Fantasy,Mystery,Romance","Zombies,Martial Arts,Magical Girl,Harem,Resurrection,Battle,Demons"
"Kotatsu Neko","Anime,Original Video Animation",,Comedy,
Kotencotenco,"Anime,Manga",,Comedy,
"Koto Nakare Hero Gingerman",Anime,,Comedy,Shorts
Kotoura-san,"Anime,Manga,Guide Book",,"Comedy,Romance",School
"Kouchuu Ouja Mushiking","Anime,Manga,Film,Games",,Fantasy,
"Kouya no Kotobuki Hikoutai","Anime,Games",,Adventure,"Western,Aviation"
"Kujibiki Unbalance","Anime,Manga,Light novel,Original Video Animation",,"Comedy,Drama,Romance",
"Kumo Desu ga, Nani ka?","Manga,Light novel,Anime",Seinen,"Adventure,Fantasy,Action,Drama,Mystery","Another World,Reincarnation"
"Kurau Phantom Memory","Anime,Manga,Light novel",,"Drama,Science Fiction",Cyberpunk
Kure-nai,"Anime,Manga,Light novel",,"Comedy,Drama,Romance,Slice of Life",
"Kurogane Communication","Anime,Manga,Light novel",,"Action,Adventure,Drama,Mecha,Science Fiction",
"Kurogane no Linebarrels","Anime,Manga,Games",,"Action,Drama,Mecha,Romance,Science Fiction",
Kurokami,"Anime,Manga",,Action,"Martial Arts,Superpower"
"Kuroko no Basuke","Anime,Manga,Light novel,Original Video Animation,Games,Guide Book",,"Comedy,Sports",Basketball
"Kuromajyo-san ga Touru!!","Anime,Novel",Kodomo,"Action,Adventure,Comedy,Fantasy",Music
Kuromukuro,Anime,,"Action,Mecha,Science Fiction","Samurai,Aliens"
Kuroshitsuji,"Anime,Manga,Original Video Animation,Film,Live Action,Games,Audio Drama,Guide Book",Shōnen,"Action,Comedy,Drama,Fantasy,Mystery,Psychological,Supernatural","Tragedy,Historical"
Kurozuka,"Anime,Manga,Novel",,"Action,Drama,Romance,Science Fiction","Vampires,Historical"
"Kyojin no Hoshi","Anime,Manga,Film,Games",Shōnen,"Drama,Sports",
Kyorochan,"Anime,Film,Games",Shōnen,"Adventure,Comedy,Fantasy",
"Kyoto Teramachi Sanjou no Holmes","Anime,Manga,Novel",Seinen,Mystery,"Female Protagonist"
"Kyou Kara Maou!","Anime,Manga,Light novel,Original Video Animation,Games",Shōjo,"Adventure,Comedy,Fantasy","Demons,Maou"
"Kyoukai no Kanata","Anime,Light novel,Original Video Animation,Film,Guide Book",,"Action,Supernatural",
"Kyouran Kazoku Nikki","Anime,Manga",,"Comedy,Science Fiction",
Kämpfer,"Anime,Manga,Light novel",,"Action,Comedy,Romance",Harem
"Kōkaku no Pandora","Anime,Manga",,"Comedy,Science Fiction",
"Kōtetsujō no Kabaneri","Anime,Guide Book",,"Action,Adventure,Fantasy,Horror",
"Kūsen Madōshi Kōhosei no Kyōkan","Anime,Manga,Light novel,Original Video Animation",,"Action,Drama,Fantasy,Science Fiction",
"L/R: Licensed by Royalty","Anime,Original Video Animation",,"Action,Adventure,Mystery",Police
"LINE TOWN",Anime,,Comedy,
"LOVE STAGE!!","Anime,Manga,Light novel,Original Video Animation",Josei,"Romance,Comedy,Yaoi",Music
"La Corda D'Oro","Anime,Manga,Games",,"Comedy,Drama,Romance",Music
"La Seine no Hoshi",Anime,Shōjo,"Adventure,Drama","Revolution,Historical"
"La storia della Arcana Famiglia","Anime,Manga,Visual novel,Games","Shōnen,Shōjo","Action,Comedy,Romance","Reverse Harem,Martial Arts"
"Labyrinth of Flames","Anime,Original Video Animation",,"Adventure,Comedy",Ecchi
"Ladies versus Butlers!","Anime,Manga,Light novel,Audio Drama",,"Comedy,Romance",Harem
"Lady Jewelpet",Anime,Shōjo,"Fantasy,Romance","Magic,Magical Girl"
"Laid-Back Camp","Anime,Manga",,"Comedy,Slice of Life",
Lamune,"Anime,Manga,Light novel,Visual novel,Games,Audio Drama",,"Drama,Romance,Slice of Life",
"Lance N' Masques","Anime,Light novel",,"Action,Fantasy",
"Last Exile","Anime,Manga,Film",,"Adventure,Fantasy,Science Fiction","Steampunk,Aviation"
"Last Period","Anime,Games",,"Action,Adventure,Comedy,Fantasy",Magic
"Le Chevalier D'Eon","Anime,Manga",,"Horror,Mystery",
"Legend of Crystania","Anime,Original Video Animation,Film",,"Action,Adventure,Fantasy,Supernatural",Magic
"Legend of Duo",Anime,Shōnen,"Drama,Supernatural",
"Legend of Heavenly Sphere Shurato","Anime,Manga,Original Video Animation",Shōnen,"Action,Fantasy","Martial Arts"
"Legend of the Galactic Heroes","Anime,Manga,Novel,Original Video Animation,Film,Games,Guide Book",Seinen,"Drama,Psychological,Romance,Science Fiction","Space Opera,Space,Military,Politics"
"Legendary Armor Samurai Troopers","Anime,Original Video Animation",,"Action,Adventure,Horror,Supernatural","Samurai,Powered Suits"
"Legendary Gambler Tetsuya","Anime,Manga,Games",Shōnen,Sports,"Gambling,Historical,Mahjong"
Legendz,"Anime,Manga,Games",,"Action,Adventure,Fantasy,Science Fiction",
"Lemon Angel Project",Anime,,Drama,
"Les Misérables","Anime,Manga,Novel,Film,Live Action",Shōjo,"Drama,Slice of Life",Historical
"Level E","Anime,Manga",Shōnen,"Adventure,Comedy,Horror,Science Fiction",
Levius,"Anime,Manga",Seinen,"Action,Drama,Science Fiction,Sports",
"Libra of Nil Admirari","Anime,Visual novel,Games",,"Fantasy,Romance",Historical
"Lilo & Stitch","Anime,Manga,Original Video Animation,Film,Games,One Shot",,"Adventure,Comedy,Science Fiction",
"Lime-iro Senkitan","Anime,Manga,Light novel,Original Video Animation,Games",,"Mecha,Supernatural",
"Litchi De Hikari Club","Anime,Manga",,"Comedy,Drama,Horror,Psychological,Romance",
"Little Busters!","Anime,Manga,Visual novel,Original Video Animation",,"Comedy,Drama,Romance",
"Little Witch Academia","Anime,Manga,Film",,"Adventure,Comedy,Fantasy","Magic,School"
"Live On Cardliver Kakeru","Anime,Manga",,Fantasy,"Card Games"
"Log Horizon","Anime,Manga,Light novel,Guide Book",Shōnen,"Adventure,Fantasy,Romance","Another World,Virtual Reality,MMORPG"
"Lone Wolf and Cub","Anime,Manga,Film,Live Action,Games",,,
"Long Riders!","Anime,Manga,Guide Book",Shōnen,"Comedy,Slice of Life,Sports","Bikes,Female Protagonist,Racing"
"Lord El-Melloi II Sei no Jikenbo","Light novel,Manga,Anime",,"Mystery,Fantasy,Supernatural",
"Lord of Lords Ryu Knight","Anime,Manga,Original Video Animation,Games",,"Action,Adventure,Fantasy,Mecha",
"Lord of Vermilion","Anime,Games",,"Action,Fantasy","Card Games,Dystopia"
"Lost Song",Anime,,Fantasy,Musical
"Lost Universe","Anime,Manga,Light novel",,"Adventure,Comedy,Romance,Science Fiction",
"Lotte no Omocha!","Anime,Manga",,"Fantasy,Romance",
"Love Get Chu","Anime,Visual novel,Games",,"Comedy,Romance",
"Love Hina","Anime,Manga,Original Video Animation",Shōnen,"Comedy,Drama,Romance","Harem,Golden Age,Ryokan"
"Love Lab","Anime,Manga",,Comedy,
"Love Live!: School Idol Project","Anime,Manga,Games,Guide Book",,"Comedy,Slice of Life",Idol
Loveless,"Anime,Manga,Light novel,Audio Drama",Josei,"Drama,Fantasy,Romance",
"Lovely Complex","Anime,Manga,Film,Live Action,Games",,"Slice of Life",
"Lovely Idol","Anime,Light novel,Original Video Animation,Games,Audio Drama",,Romance,"Harem,Music"
Love♥Love?,"Anime,Original Video Animation",,"Comedy,Romance","Harem,Ecchi"
"Luck & Logic","Anime,Games",,"Comedy,Fantasy","Card Games"
"Lucky Star","Anime,Manga,Light novel,Original Video Animation,Games",Shōnen,"Comedy,Slice of Life","Otaku,Parody"
"Lupin III","Anime,Manga,Original Video Animation,Film,Live Action,Guide Book",,"Adventure,Comedy,Drama",
"M3 the dark metal","Anime,Games",,"Action,Horror,Mecha,Psychological,Romance,Science Fiction,Supernatural","School,Robots,Thriller"
MAJOR,"Anime,Manga,Original Video Animation,Film",Shōnen,"Sports,Drama",Baseball
"MAZE☆Bakunetsu Jikuu","Anime,Manga,Light novel,Original Video Animation,Film",,Fantasy,
MM!,"Anime,Manga,Light novel",,Comedy,
MOETAN,"Anime,Original Video Animation,Games",,Comedy,"Lolicon,Fanservice,Education"
Maburaho,"Anime,Manga,Light novel",,Fantasy,
"Macademi Wasshoi!","Anime,Manga",,"Comedy,Fantasy,Romance,Supernatural","Ecchi,School"
"Machikado Mazoku","Anime,Manga",Seinen,"Comedy,Slice of Life","Yonkoma,Demons,Magic"
"Machine Robo",Anime,,"Adventure,Mecha",
Macross,"Anime,Manga,Light novel,Novel,Original Video Animation,Film,Games,Guide Book",,"Action,Mecha,Romance,Science Fiction","Music,Space,Space Opera,Idol,School,Love Triangle,Aviation"
"Madan no Ou to Vanadis","Anime,Manga,Light novel",Seinen,"Action,Fantasy,Slice of Life,Romance","Harem,War"
"Made in Abyss","Anime,Manga",,"Adventure,Fantasy",
Madlax,"Anime,Light novel",,"Drama,Mystery,Psychological,Supernatural","Girls with Guns,War"
"Mado King Granzort","Anime,Original Video Animation,Games",Shōnen,"Mecha,Science Fiction","Magic,Space,Another World"
Magi,"Anime,Manga,Original Video Animation,Games,Guide Book",Shōnen,"Action,Adventure,Comedy,Fantasy,Mystery","Magic,Kingdoms"
"Magic Kaito","Anime,Manga,Film",,"Comedy,Drama",Crime
"Magic Knight Rayearth","Anime,Manga,Original Video Animation",,"Adventure,Fantasy,Mecha,Romance","Magical Girl,Another World,Knights,Magic"
"Magic of Stella","Anime,Manga",,"Comedy,Slice of Life",School
"Magic-Kyun! Renaissance","Anime,Manga,Games",,"Fantasy,Romance",School
"Magica Wars","Anime,Games",,Action,"Magical Girl"
"Magical Canan","Anime,Visual novel,Original Video Animation,Games",,"Comedy,Fantasy","Magical Girl,Fanservice"
"Magical DoReMi","Anime,Manga,Light novel,Original Video Animation,Film",,Fantasy,Magic
"Magical Girl Lyrical Nanoha","Anime,Manga,Light novel,Film,Games,Audio Drama,Guide Book",,"Adventure,Science Fiction","Magic,Moe,Magical Girl,Battle,Science,Police"
"Magical Girl Site","Anime,Manga",,"Action,Drama,Fantasy,Horror,Mystery,Psychological,Romance,Supernatural","Magical Girl"
"Magical Meow Meow Taruto","Anime,Manga",,Comedy,
"Magical Princess Minky Momo","Anime,Manga,Original Video Animation,Games",,,
"Magical Shopping Arcade Abenobashi","Anime,Manga",,"Adventure,Comedy,Supernatural",
"Magical Somera-chan","Anime,Manga",,"Comedy,Slice of Life",
"Magical Taluluto","Anime,Manga,Film,Games",,"Action,Comedy,Fantasy,Romance",Ecchi
Magikano,"Anime,Manga",,"Comedy,Romance,Supernatural",
"Magimoji Rurumo","Anime,Manga",Shōnen,"Action,Supernatural",
"Magnum Lily","Anime,Manga",,"Action,Slice of Life,Sports",Boxing
Mahoraba,"Anime,Manga",,"Comedy,Romance,Slice of Life",
Mahoromatic,"Anime,Manga,Visual novel,Original Video Animation,Games",Seinen,"Comedy,Psychological,Science Fiction","Androids,Maid"
"Mahou Sensou","Anime,Manga,Light novel",Shōnen,"Action,Fantasy,Romance,Supernatural","Martial Arts,School Life,Magic,Boy Meets Girl"
"Mahou Shoujo Ikusei Keikaku","Anime,Manga,Light novel",Seinen,"Action,Comedy,Fantasy,Supernatural",
"Mahou Shoujo Nante Mouiidesukara","Anime,Manga",,Comedy,"Magical Girl"
"Mahou Shoujo Ore","Anime,Manga",,"Action,Comedy,Fantasy","Magical Girl,School,Gender Bender"
"Mahou no Sekai","Anime,Manga,Light novel",,"Action,Fantasy","Magic,School,Espionage,Assassins"
"Mahoujin Guruguru","Anime,Manga,Original Video Animation,Film,Games",,"Adventure,Comedy,Drama,Romance",Magic
"Mahōka Kōkō no Rettōsei","Anime,Manga,Light novel,Film,Audio Drama,Guide Book",,"Action,Fantasy,Supernatural","School Life,Magic,Dystopia"
"Mai Otome","Anime,Manga,Original Video Animation",,"Action,Comedy,Fantasy,Romance",
"Maicching! Machiko-sensei","Manga,Anime,TV drama,Live Action,Film,Original Video Animation",Shōnen,Comedy,"Ecchi,Underwear,Sensei,School"
"Mainichi Kaa-san","Anime,Manga,Live Action,Film",,"Comedy,Slice of Life",
"Maison Ikkoku","Anime,Manga,Original Video Animation,Film,Live Action,TV drama",,"Comedy,Romance,Slice of Life",
"Maji de Otaku na English! Ribbon-chan: Eigo de Tatakau Mahou Shoujo",Anime,,Comedy,"Magical Girl,Otaku,Education"
"Maji de Watashi ni Koishinasai!","Anime,Manga,Light novel,Games",,"Comedy,Romance","Samurai,Harem"
"Majin Bone","Anime,Manga,Games",,Action,"Card Games"
"Majin Tantei Nōgami Neuro","Anime,Manga,Light novel,Games,Audio Drama",,"Mystery,Supernatural",Detective
"Majokko Megu-chan","Anime,Games","Kodomo,Shōnen,Shōjo,Seinen,Josei",,"Magical Girl"
"Majuu Sensen","Anime,Manga,Original Video Animation",Shōnen,"Action,Science Fiction",
"Makai Ouji: Devils and Realist","Anime,Manga,Games,Audio Drama",,"Action,Fantasy,Supernatural",
Maken-ki!,"Anime,Manga,Original Video Animation",Shōnen,"Action,Comedy,Romance","Magic,Harem,School Life,Martial Arts,Ecchi"
"Makura no Danshi",Anime,,,Harem
"Mama is a 4th Grader","Anime,Manga",Shōjo,"Drama,Science Fiction","Childcare,Time Travel"
"Mamoru-kun ni Megami no Shukufuku wo!","Anime,Light novel",,"Comedy,Romance",Magic
"Mamotte Shugogetten!","Anime,Manga,Original Video Animation",,"Comedy,Romance","Magical Girl"
"Mamotte! Lollipop","Anime,Manga",Shōjo,"Comedy,Fantasy,Romance",
"Mangaka-san to Assistant-san to","Anime,Manga,Audio Drama",Seinen,"Comedy,Romance,Slice of Life","Ecchi,Media Development,Otaku"
Mangirl!,"Anime,Manga,Audio Drama",,"Comedy,Slice of Life","Yonkoma,Shorts,Media Development,Otaku"
"Manyū Hiken-chō","Anime,Manga",,Action,Historical
"Maou-sama, Retry!","Anime,Manga,Light novel",Shōnen,Fantasy,"Another World,Maou"
"Maoyū Maō Yūsha","Anime,Manga,Light novel",,"Action,Adventure,Fantasy,Romance","Maou,Heroes"
MapleStory,"Anime,Games",,"Adventure,Fantasy,Action",
"March Comes in Like a Lion","Anime,Manga,Film,Live Action",Seinen,"Comedy,Drama",Chess
"Marginal No.4","Anime,Games,Audio Drama",,,"Music,Idol,School"
"Marginal Prince","Anime,Games",,"Comedy,Romance,Slice of Life",Musical
"Maria the Virgin Witch","Anime,Manga,Guide Book",,"Fantasy,Romance",
"Maria-sama ga Miteru","Anime,Manga,Light novel,Original Video Animation,Live Action,Audio Drama,Guide Book",,,
Maria†Holic,"Anime,Manga,Audio Drama",,Comedy,
"Marie & Gali",Anime,,Comedy,Science
"Marmalade Boy","Anime,Manga,Film,Live Action,TV drama",Shōjo,"Comedy,Drama,Romance",
"Mars (Mitsuteru Yokoyama)","Anime,Manga,Original Video Animation",Shōnen,"Mecha,Science Fiction",Aliens
"Mars Daybreak","Anime,Games",,"Adventure,Comedy,Mecha,Romance,Science Fiction",
"Martian Successor Nadesico","Anime,Manga,Original Video Animation,Film,Games",,"Action,Adventure,Comedy,Drama,Mecha,Romance,Science Fiction","Harem,Space,Robots,Space Opera"
"Marvel Anime","Anime,Film,Live Action","Shōnen,Shōjo,Kodomo","Action,Supernatural","Superhero,Antihero"
"Masamune-kun no Revenge","Anime,Manga,Light novel",,"Comedy,Romance",Harem
"Mashin Hero Wataru","Anime,Original Video Animation,Games,Manga,Novel,Guide Book",,"Adventure,Comedy,Mecha,Science Fiction,Fantasy","Another World"
"Mashiro-Iro Symphony","Anime,Manga,Visual novel,Games,Audio Drama",,Romance,Harem
"Master Keaton","Anime,Manga,Original Video Animation",,"Action,Adventure,Drama","Historical,Mature"
"Master Mosquiton","Anime,Manga,Original Video Animation",,"Action,Adventure,Comedy,Supernatural",
"Matantei Loki Ragnarok","Anime,Manga",,"Comedy,Mystery,Romance",Mythology
"Matoi the Sacred Slayer",Anime,,"Action,Fantasy","Magical Girl,Mythology"
"Mawaru Penguindrum","Anime,Guide Book",,"Drama,Supernatural","Magical Girl,Resurrection"
"Mayo Chiki!","Anime,Manga,Light novel,Guide Book",,"Comedy,Romance",
"Mayoi Neko Overrun!","Anime,Manga,Light novel",,"Romance,Comedy","Kemonomimi,School,Harem"
Mayoiga,Anime,,"Drama,Horror,Mystery",
"Mayonaka no Occult Koumuin","Manga,Novel,Anime",Shōjo,"Mystery,Supernatural,Fantasy",Demons
Mazinger,"Anime,Manga,Original Video Animation,Film,Games",,"Action,Fantasy,Horror,Mecha,Psychological,Science Fiction",
Mecha-ude,Anime,,"Action,Mecha",
"Mechander Robo",Anime,,"Action,Mecha,Science Fiction","Robots,Sentai,Aliens"
Medabots,"Anime,Manga,Games",Kodomo,"Adventure,Comedy,Science Fiction","Robots,Battle,Tournament"
"Medaka Box","Anime,Manga,Light novel",Shōnen,"Action,Comedy,Fantasy,Romance,Supernatural","School,Ecchi,Martial Arts"
"Mega Man","Anime,Manga,Novel,Original Video Animation,Film,Games,Guide Book",Shōnen,"Action,Adventure,Mecha,Comedy","Robots,Cyberspace,Futuristic,Absurdist,Battle,Puzzle"
"Megalo Box",Anime,,Sports,
Meganebu!,"Anime,Audio Drama",,"Comedy,Slice of Life",
"Meiji Tokyo Renka","Anime,Visual novel,Film,Live Action,Games",Shōjo,"Fantasy,Romance","Reverse Harem,Time Travel,Feudal Japan,Historical"
"Meine Liebe","Anime,Manga,Novel,Games,Audio Drama",Shōjo,Fantasy,"Historical,School"
"Melody of Oblivion",Anime,,"Adventure,Fantasy,Horror,Mecha,Psychological,Science Fiction,Supernatural",
"Merc Storia","Anime,Games",,"Action,Adventure,Fantasy","Magic,Hunting"
"Mermaid Melody Pichi Pichi Pitch","Anime,Manga,Games",Shōjo,"Adventure,Comedy,Drama,Fantasy,Romance","Musical,Mermaid"
"Mermaid Saga","Anime,Manga,Original Video Animation",,"Action,Drama,Horror,Romance","Suspense,Dark Fantasy"
"Metal Armor Dragonar","Anime,Games,Guide Book",,"Action,Mecha,Science Fiction",Space
"Metal Fighter Miku",Anime,Shōnen,"Comedy,Science Fiction,Sports","Powered Suits"
"Mezzo Forte","Anime,Manga,Original Video Animation,Film",,"Action,Mystery",
"Miami Guns",Anime,Shōnen,"Action,Comedy","Ecchi,Police,Girls with Guns"
Michel,Anime,Kodomo,"Fantasy,Adventure",
"Michiko & Hatchin",Anime,,"Action,Adventure,Comedy",
Microman,"Anime,Manga,Film",Shōnen,"Action,Adventure,Mecha,Science Fiction","Toys,Superpower,Aliens,Space"
"Midori Days","Anime,Manga",Shōnen,"Comedy,Drama,Romance",
"Midori no Makibaō","Anime,Manga",,"Comedy,Drama,Sports",
"Mikagura School Suite","Anime,Manga,Light novel,Audio Drama",,"Action,Comedy,Fantasy","High School,Battle"
"Mikakunin de Shinkōkei","Anime,Manga,Guide Book",,"Comedy,Romance,Slice of Life",
"Million Arthur","Anime,Games",,"Action,Adventure,Fantasy",Magic
"Million Doll","Anime,Manga",,Drama,Musical
"Minami Kamakura High School Girls Cycling Club","Anime,Manga",Seinen,"Comedy,Sports","School Life,Female Protagonist,Bikes"
Minami-ke,"Anime,Manga,Original Video Animation",,"Comedy,Slice of Life",
"Miracle Girls","Anime,Manga,Games",,,
Miracle☆Train,Anime,,,Anthropomorphism
"Mirage of Blaze","Anime,Manga,Light novel,Original Video Animation",Shōnen,"Romance,Supernatural","Historical,Exorcism,Feudal Japan,Psychic,Afterlife"
"Mirai Nikki","Anime,Manga,Original Video Animation,Live Action,TV drama",Shōnen,"Action,Horror,Psychological,Supernatural","Thriller,Yandere"
Mirmo!,"Anime,Manga,Games",,"Comedy,Fantasy,Romance","Reverse Harem,Magical Girl"
"Miru Tights",Anime,,,"Underwear,School,Shorts,Ecchi"
"Miss Kobayashi's Dragon Maid","Anime,Manga",,Comedy,Dragons
"Miss Monochrome","Anime,Manga",,"Comedy,Fantasy,Slice of Life",Idol
Mission-E,Anime,,"Action,Comedy,Science Fiction",
"Mister Ajikko","Anime,Manga,Original Video Animation",Shōnen,"Comedy,Slice of Life",Cooking
"Mitsuboshi Colors","Anime,Manga",,"Comedy,Slice of Life",
Mitsudomoe,"Anime,Manga",Shōnen,"Comedy,Slice of Life","School Life"
Mix,"Manga,Anime",Shōnen,Sports,"School Life,Baseball"
"Mix Master","Anime,Games",Shōnen,"Adventure,Fantasy",
"Miyakawa-ke no Kuufuku",Anime,,"Slice of Life",
Miyuki,"Manga,Anime,Film,TV drama",,"Sports,Romance,Comedy",Incest
"Mizuiro Jidai","Anime,Manga",,"Drama,Romance",
Mnemosyne,"Anime,Manga,Light novel",,"Action,Horror,Mystery",
"Mob Psycho 100","Anime,Manga,Live Action",Shōnen,"Action,Comedy,Psychological,Supernatural","School Life,Psychic"
Moegaku,"Anime,Games",,"Adventure,Comedy","Magical Girl"
"Moero! Top Striker","Anime,Games",Shōnen,Sports,Soccer
"Moeyo Ken","Anime,Original Video Animation,Games",,"Adventure,Comedy,Fantasy",Historical
"Momo Kyun Sword","Anime,Manga,Light novel",,"Adventure,Comedy,Fantasy",Fanservice
"Mon Colle Knights","Anime,Manga,Light novel,Film",,"Adventure,Fantasy,Romance",
"Mondai-Ji-tachi ga Isekai Kara Kuru Sou Desu yo?","Anime,Manga,Light novel",,"Fantasy,Supernatural","Another World"
"Monkey Turn","Anime,Manga",,"Action,Drama,Sports",Racing
"Monochrome Factor","Anime,Manga,Games",,"Action,Comedy,Supernatural",
Monster,"Anime,Manga,Novel",Seinen,"Drama,Horror,Mystery,Psychological","Tragedy,Suspense,Thriller,Crime,Mature,Medical"
"Monster Farm","Anime,Games",,"Action,Adventure,Comedy,Fantasy",
"Monster Hunter","Anime,Manga,Games,Guide Book",,"Action,Adventure,Fantasy",Monsters
"Monster Musume no Iru Nichijou","Anime,Manga,Original Video Animation,Games",,"Comedy,Fantasy,Romance,Slice of Life",Harem
"Monster Retsuden Oreca Battle","Anime,Manga,Games",,Adventure,"Card Games"
"Monster Strike","Anime,Original Video Animation,Film,Games,Guide Book",,"Action,Fantasy",
Monsuno,Anime,,"Action,Comedy",
"Monthly Girls' Nozaki-kun","Anime,Manga,Guide Book",Shōnen,"Comedy,Romance","Media Development,School Life,Satire,Otaku"
"Moonlight Mile","Anime,Manga",,"Drama,Science Fiction",
"Moretsu Pirates","Anime,Manga,Light novel,Guide Book",,"Science Fiction","Space,Pirates"
"Moribito: Guardian of the Spirit","Anime,Manga,Light novel,Novel,Audio Drama",,Fantasy,
"Morita-san wa Mukuchi","Anime,Manga,Original Video Animation",,"Comedy,Slice of Life",
Moshidora,"Anime,Manga,Light novel,Film,Live Action",,"Slice of Life,Sports","School,Baseball,Business"
Moyashimon,"Anime,Manga,TV drama,One Shot",Shōnen,"Comedy,Supernatural","Agriculture,School,Science"
"Ms. Koizumi Loves Ramen Noodles","Anime,Manga",Seinen,"Comedy,Slice of Life",Cooking
"Muka Muka Paradise","Anime,Manga",Kodomo,"Adventure,Fantasy","Prehistoric,Time Travel"
"Murenase! Seton Gakuen","Anime,Manga",Shōnen,"Comedy,Romance",
"Musashi no Ken","Anime,Manga,Games",Shōnen,Sports,Swords
"Musashi, the Samurai Lord","Anime,Games",,"Action,Adventure,Mecha",
Mushi-Uta,"Anime,Manga,Light novel",,"Action,Fantasy,Science Fiction",
Mushishi,"Anime,Manga,Original Video Animation,Film,Live Action,Games",Seinen,"Adventure,Fantasy,Mystery,Supernatural",Historical
Musumet,Anime,,"Action,Comedy",
"Mutant Turtles: Choujin Densetsu-hen","Anime,Original Video Animation",Kodomo,"Action,Adventure,Comedy,Science Fiction","Superhero,Superpower,Mutants"
"Muteki Kanban Musume","Anime,Manga",,"Comedy,Slice of Life",
"Mutekiou Tri-Zenon","Anime,Manga,Light novel",,Mecha,
Muv-Luv,"Anime,Manga,Novel,Games",,"Comedy,Mecha,Romance","Alternate History,Robots,Military,Powered Suits"
"My First Girlfriend is a Gal","Anime,Manga",,"Comedy,Romance",Ecchi
"My Hero Academia","Anime,Manga,Light novel,Original Video Animation,Film,Games,Guide Book,One Shot",Shōnen,"Action,Fantasy","School Life,Superpower,Superhero"
"My My Mai","Anime,Manga,Original Video Animation",Shōnen,"Comedy,Romance","Business,Ecchi"
"My Roommate is a Cat","Manga,Anime",,"Comedy,Slice of Life","Cats,Pets"
"My Wife is a High School Girl","Anime,Manga,Games",,Romance,
"My Wife is the Student Council President!","Anime,Manga,Original Video Animation",,"Comedy,Romance",
My-HiME,"Anime,Manga,Original Video Animation,Film,Games",,"Action,Comedy,Drama,Fantasy,Romance","Sentai,Superpower"
"Myriad Colors Phantom World","Anime,Light novel",,"Action,Fantasy,Slice of Life,Supernatural",
"Myself ; Yourself","Anime,Light novel,Visual novel,Games",,"Drama,Romance","School,Female Protagonist"
"Mysterious Joker","Anime,Manga,Games",Kodomo,"Adventure,Comedy,Mystery",Kaitou
MÄR,"Anime,Manga,Games",,"Action,Adventure,Comedy,Fantasy,Romance",
MØUSE,"Anime,Manga,Light novel",Seinen,"Action,Romance","Kaitou,Ecchi"
"Märchen Mädchen","Anime,Manga,Light novel",,Fantasy,
"Mōryō no Hako","Anime,Manga,Novel,Original Video Animation,Film,Live Action",Seinen,"Horror,Mystery,Supernatural",Thriller
"Nabari no Ou","Anime,Manga",Shōnen,"Action,Comedy,Drama,Fantasy,Supernatural",Ninja
Nadia,"Anime,Manga,Film,Games",,"Adventure,Romance,Science Fiction",
"Nagasarete Airantou","Anime,Manga,Light novel,Audio Drama",,"Comedy,Fantasy,Romance,Supernatural",
"Nagato Yuki-chan no Shoushitsu","Anime,Manga",,"Comedy,Romance",
"Nagi no Asukara","Anime,Manga",,"Drama,Romance,Slice of Life","Love Triangle"
"Najica Blitz Tactics","Anime,Manga",,"Action,Comedy,Science Fiction","Ecchi,Crime,Girls with Guns"
"Naka no Hito Genome: Jikkyouchuu","Anime,Manga",Shōnen,"Mystery,Drama,Psychological,Supernatural,Romance","Gaming,Survival,Secrets"
"Nameko-ke no Ichizoku",Anime,,"Comedy,Slice of Life",
"Namiuchigiwa no Muromi-san","Anime,Manga",,"Comedy,Fantasy",
"Namu Amida Butsu!: Rendai Utena","Games,Anime",,Fantasy,Religion
Nana,"Anime,Manga,Film,Live Action,Games",Shōjo,"Comedy,Drama,Romance,Slice of Life","Love Triangle"
"Nana Maru San Batsu","Anime,Manga",,"Comedy,Sports",
"Nanaka 6/17","Anime,Manga,Original Video Animation",,"Comedy,Drama,Romance,Slice of Life",
"Nanatsu no Taizai","Anime,Manga,Games,Guide Book,Light novel,Film,Original Video Animation",Shōnen,"Action,Adventure,Comedy,Fantasy,Supernatural","Martial Arts,Superpower,Knights"
Nanbaka,"Anime,Manga",,"Action,Comedy,Drama",
"Nande Koko ni Sensei ga!?","Manga,Anime",Seinen,"Comedy,Romance","Ecchi,School,Shorts"
Naria☆Girls,Anime,,Fantasy,"Magical Girl"
Naruto,"Anime,Manga,Light novel,Novel,Original Video Animation,Film,Live Action,Games,Audio Drama,Guide Book",Shōnen,"Action,Adventure,Fantasy",Ninja
"Natsu no Arashi!","Anime,Manga",,"Comedy,Fantasy,Romance",
"Natsuiro Kiseki","Anime,Manga",,"Slice of Life",School
"Natsume Yūjinchō","Anime,Manga,Original Video Animation,Audio Drama,Guide Book",,"Comedy,Drama,Slice of Life,Supernatural",
"Natsuyuki Rendezvous","Anime,Manga",,Romance,
"Nazo no Kanojo X","Anime,Manga,Original Video Animation,Audio Drama",,"Comedy,Romance,Slice of Life,Supernatural",
Nazotokine,Anime,,"Adventure,Mystery",
Needless,"Anime,Manga",,"Action,Science Fiction",Ecchi
"Negibouzu no Asatarou",Anime,,"Adventure,Comedy",
"Negima! Magister Negi Magi","Anime,Manga,Film",Shōnen,"Action,Adventure,Comedy,Fantasy,Romance","Ecchi,Fanservice,Harem,Magic,School Life"
"Nejimaki Seirei Senki - Tenkyou no Alderamin","Anime,Manga,Light novel",Seinen,"Action,Adventure,Comedy,Drama,Romance,Supernatural",
"Nekogami Yaoyorozu","Anime,Manga",,"Comedy,Fantasy",
"Neo Angelique Abyss","Anime,Manga",Shōjo,"Comedy,Fantasy,Romance",
"Neppu Kairiku Bushi Road",Anime,,"Action,Adventure,Fantasy,Mecha",
"Nerima Daikon Brothers","Anime,Manga",,Comedy,Music
"Net Ghost PiPoPa","Anime,Manga,Games",,"Comedy,Science Fiction",
"Net-juu no Susume","Anime,Manga",,"Comedy,Romance",Gaming
"Netoge no Yome wa Onna no Ko Janai to Omotta?","Anime,Manga,Light novel",,"Comedy,Romance",
"Netsuzou Trap","Anime,Manga",Shōjo,"Romance,Yuri",
"New Game!","Anime,Manga,Games,Guide Book",Seinen,Comedy,"Yonkoma,Workplace,Media Development"
"Ni no Kuni","Anime,Film,Games",,"Adventure,Fantasy","Another World,Magic"
Nichijou,"Anime,Manga",,"Comedy,Slice of Life",
"Night Head Genesis","Anime,TV drama",,"Horror,Mystery,Science Fiction",
"Nightwalker: The Midnight Detective","Anime,Games",,"Action,Comedy,Horror,Mystery,Romance",
"Nijiiro Days","Anime,Manga,Audio Drama,Live Action,Film",Shōjo,"Comedy,Romance,Slice of Life,Drama","School Life"
"Nijū Mensō no Musume","Anime,Manga",,"Action,Adventure,Mystery",
"Ninja Hattori-kun","Anime,Manga,Film,Live Action,TV drama,Games",Kodomo,"Adventure,Comedy,Slice of Life","Ninja,Martial Arts"
"Ninja Nonsense","Anime,Manga,Audio Drama",,Comedy,
"Ninja Scroll","Anime,Film",,"Action,Adventure,Fantasy,Supernatural",
"Ninja Senshi Tobikage",Anime,Shōnen,"Action,Adventure,Mecha","Ninja,Space"
"Ninja Slayer","Anime,Manga,Novel,Audio Drama",Shōnen,"Action,Drama,Fantasy,Science Fiction,Supernatural","Ninja,Futuristic,Death"
Ninku,"Anime,Manga,Film,Games",Shōnen,"Action,Adventure,Comedy,Drama","Martial Arts"
"Nintama Rantarō","Anime,Manga,Film,Live Action,Games,Guide Book",,"Action,Adventure,Comedy",Ninja
Nisekoi,"Anime,Manga,Visual novel,Novel,Original Video Animation,Games,TV drama,One Shot,Film",Shōnen,"Comedy,Romance","Harem,School"
"No Game No Life","Anime,Manga,Light novel,Film,Audio Drama,Guide Book",Seinen,"Adventure,Comedy,Fantasy","Gaming,Imouto,Another World,MMORPG"
No-Rin,"Anime,Manga,Light novel,Audio Drama,Guide Book",Seinen,"Comedy,Romance","Agriculture,Parody"
"No. 6","Anime,Manga,Light novel",,"Science Fiction",
"Nobody's Boy Remi",Anime,,"Drama,Slice of Life",
"Nobunaga Concerto","Anime,Manga,Film,Live Action,TV drama",Shōnen,"Drama,Romance","Historical,Feudal Japan,Time Travel"
"Nobunaga no Shinobi","Anime,Manga",,Comedy,
"Nobunaga the Fool",Anime,,"Action,Comedy,Fantasy,Mecha,Science Fiction","Historical,Robots,Samurai,War"
"Nobunaga-sensei no Osanazuma","Anime,Manga",,"Comedy,Romance",
Nobunagun,"Anime,Manga",Shōnen,"Action,Comedy,Fantasy,Science Fiction","Aliens,Female Protagonist,Historical"
"Nodame Cantabile","Anime,Manga,Live Action,TV drama,Games",,"Comedy,Drama,Romance,Slice of Life",
"Noein: Mou Hitori no Kimi e",Anime,,"Adventure,Romance,Science Fiction,Slice of Life",
"Nogizaka Haruka no Himitsu","Anime,Manga,Games,Light novel",Seinen,"Comedy,Romance","Fanservice,Otaku,School Life"
Noir,Anime,,"Adventure,Mystery","Girls with Guns,Golden Age"
"Non Non Biyori","Anime,Manga,Original Video Animation,Guide Book",,"Comedy,Slice of Life",School
Nono-chan,"Film,Anime,Manga",,"Slice of Life,Comedy","Family,Yonkoma"
Noragami,"Anime,Manga,Original Video Animation,Games,Guide Book",,"Action,Adventure,Fantasy,Supernatural",
Noramimi,"Anime,Manga",,Comedy,
Norn9,"Anime,Games,Guide Book",,Fantasy,
"Notari Matsutarou","Anime,Manga,Original Video Animation",Seinen,Sports,Wrestling
"Now and Then, Here and There",Anime,,"Drama,Science Fiction","Military,Dystopia"
"Nurarihyon no Mago","Anime,Manga,Light novel,Games,Audio Drama",,"Action,Supernatural",
"Nurse Angel Ririka SOS","Manga,Anime",Shōjo,"Drama,Fantasy","Magical Girl,Magic,Medical"
"Nurse Witch Komugi","Anime,Manga,Original Video Animation,Games",,"Comedy,Romance","Magical Girl,Parody,Idol"
"Nyan Koi!","Anime,Manga",,"Comedy,Fantasy,Romance,Slice of Life,Supernatural","Harem,High School"
"Nyanda Kamen",Anime,Kodomo,"Adventure,Comedy","Cats,Anthropomorphism,Superhero"
"Nyanko Days","Anime,Manga",,"Comedy,Slice of Life",Yonkoma
"Nyanpire: The Gothic World of Nyanpire","Anime,Manga",,Comedy,
Occultic;Nine,"Anime,Manga,Light novel,Games",,"Action,Supernatural",Paranormal
Ocha-ken,Anime,,Comedy,
"Oda Nobuna no Yabou","Anime,Manga,Light novel",,"Action,Romance",
"Oda Shinamon Nobunaga","Manga,Anime",Seinen,"Comedy,Slice of Life","Dog,Pets"
"Oh My Goddess!","Anime,Manga,Light novel,Original Video Animation,Games",,"Comedy,Fantasy,Romance",
"Oh! Edo Rocket","Anime,Manga,Novel,TV drama",,"Comedy,Drama,Science Fiction",
Oishinbo,"Anime,Manga,Film,Live Action,Games",Seinen,"Drama,Comedy",Cooking
"Ojisan to Marshmallow","Anime,Manga",,Comedy,
"Omamori Himari","Anime,Manga",,"Action,Comedy,Romance","Demons,Ecchi,Fanservice,Harem,Fighting"
"Omiai Aite wa Oshiego, Tsuyokina, Mondaiji","Anime,Manga",,"Drama,Romance,Hentai",
"Omishi Magical Theater: Risky Safety","Manga,Anime",Shōnen,Comedy,"Magical Girl,Shinigami,Angels"
"One Outs","Anime,Manga",Seinen,"Psychological,Sports","Baseball,Gambling"
"One Piece","Anime,Manga,Novel,Original Video Animation,Film,Games,Guide Book",Shōnen,"Action,Adventure,Comedy",Pirates
"One Room",Anime,,Romance,
"One Week Friends","Anime,Manga,Guide Book",,"Comedy,Slice of Life",
OnePunch-Man,"Anime,Manga,Original Video Animation,Audio Drama,Guide Book",Seinen,"Action,Comedy,Science Fiction","Superhero,Violence,Satire,Parody,Superpower"
"Oneechan ga Kita","Anime,Manga,Original Video Animation",,Comedy,
"Onegai My Melody","Anime,Film",,"Comedy,Romance","Magical Girl"
"Onegai Teacher!","Anime,Manga,Light novel,Original Video Animation",,"Comedy,Romance",Incest
"Ongaku Shoujo",Anime,,"Slice of Life","Music,Idol"
Onigiri,"Anime,Games",,Fantasy,
Onihei,"Anime,Manga,Novel",,Mystery,Historical
"Onii-chan Dakedo Ai Sae Areba Kankei Nai yo ne","Anime,Manga,Light novel",,"Comedy,Romance",Harem
"Oniichan no Koto nanka Zenzen Suki Janain Dakara ne!!","Anime,Manga,Original Video Animation",,,
"Onmyou Taisenki","Anime,Manga",,"Adventure,Fantasy,Supernatural",
"Onnanoko ga Ochita Saki wa, Ore no Musuko no Sakippo","Anime,Manga",Seinen,"Romance,Hentai",Shorts
"Onsen Yousei Hakone-chan","Anime,Manga",Seinen,"Comedy,Slice of Life",
Ontama!,"Anime,Manga",,"Adventure,Comedy,Slice of Life",
"Ookami Shoujo to Kuro Ouji","Anime,Manga,Film,Live Action,Audio Drama",Shōjo,Romance,"School,Female Protagonist"
"Ooya-san wa Shishunki!","Anime,Manga",,Comedy,Yonkoma
Orange,"Anime,Manga,Novel,Film,Live Action","Shōjo,Seinen","Drama,Romance,Slice of Life",
"Ore Monogatari!!","Anime,Manga,Film,Live Action",Shōjo,"Comedy,Romance",School
"Ore ga Ojō-sama Gakkō ni ""Shomin Sample"" Toshite Rachirareta Ken","Anime,Manga,Light novel,Audio Drama",,"Comedy,Romance,Slice of Life",
"Ore ga Suki nano wa Imōto dakedo Imōto ja nai","Anime,Manga,Light novel",Shōnen,"Comedy,Romance","Imouto,Incest"
"Ore no Imōto ga Konna ni Kawaii Wake ga Nai","Anime,Manga,Light novel,Games,Guide Book",,"Comedy,Drama","Imouto,Otaku"
"Ore no Kanojo to Osananajimi ga Shuraba Sugiru","Anime,Manga,Light novel",,"Comedy,Romance","School Life,Chuunibyou"
"Ore no Nōnai Sentakushi ga, Gakuen Love Come o Zenryoku de Jama Shiteiru","Anime,Manga,Light novel,Original Video Animation",,"Comedy,Romance",
"Ore o Suki nano wa Omae dake kayo","Light novel,Manga,Anime",Shōnen,Comedy,"School Life,Comedy,Romance"
"Ore, Twintail ni Narimasu","Anime,Light novel,Guide Book",,"Action,Comedy,Romance,Supernatural",
"Orenchi no Furo Jijou","Anime,Manga",,Comedy,
"Oretachi ni Tsubasa wa nai","Anime,Manga,Visual novel,Games",,"Comedy,Drama,Romance",
Orguss,"Anime,Original Video Animation",,"Mecha,Mystery,Romance,Science Fiction","Space,Robots,Aliens,Military,Steampunk,Time Travel"
"Osake wa Fuufu ni Natte kara",Anime,,"Comedy,Romance,Slice of Life",
"Oshiete! Galko-chan","Anime,Manga",,Comedy,
"Oshiri Kajiri Mushi",Anime,Kodomo,Comedy,
Osomatsu-kun,"Anime,Manga,TV drama,Games",,Comedy,
Osomatsu-san,"Anime,Manga,Light novel,Games,Guide Book",,Comedy,
"Otogi Juushi Akazukin","Anime,Original Video Animation",,"Adventure,Comedy,Fantasy","Magical Girl,Knights"
"Otogi Zoshi","Anime,Manga",,"Adventure,Fantasy",
"Otoko Ippiki Gaki Daishou","Anime,Manga,Film",Shōnen,"Action,Drama",Delinquent
"Otome Youkai Zakuro","Anime,Manga",Seinen,"Romance,Supernatural","Demons,Historical,Military"
"Otome wa Boku ni Koishiteru","Anime,Manga,Light novel,Original Video Animation,Audio Drama,Visual novel,Games",,Romance,Harem
"Otona no Bouguya-san","Anime,Manga",,"Comedy,Fantasy","Ecchi,Yonkoma"
"Ouran High School Host Club","Anime,Manga,Visual novel,Games,Audio Drama",,"Comedy,Drama,Romance,Slice of Life","Reverse Harem,Gender Bender,School Life"
"Ousama Game","Anime,Manga,Novel,Film,Live Action",Seinen,"Drama,Horror,Mystery",
"Oushitsu Kyoushi Heine","Anime,Manga,Film",Shōnen,Comedy,"Historical,Tutoring"
"Outbreak Company","Anime,Manga,Light novel",,"Comedy,Fantasy","Another World,Otaku,Hikikomori"
"Outlaw Star","Anime,Manga,Light novel",Seinen,"Action,Adventure,Science Fiction","Space Opera,Pirates"
"Over Drive","Anime,Manga",,"Adventure,Sports","Bikes,Racing"
Overlord,"Anime,Manga,Light novel,Novel,Original Video Animation,Film",Seinen,"Action,Adventure,Comedy,Fantasy,Supernatural","Parallel World,Virtual Reality,MMORPG,Maou"
"Overman King Gainer","Anime,Manga",Shōnen,"Action,Adventure,Mecha,Science Fiction",Revolution
"Owari no Seraph","Anime,Manga,Light novel,Original Video Animation,Games,Guide Book",,"Action,Drama,Supernatural","Vampires,Apocalypse,Military"
Ozmafia!!,"Anime,Games",,Romance,Mafia
Ozuma,Anime,,"Action,Adventure,Science Fiction",
"Pan De Peace!","Anime,Manga,Visual novel",,"Slice of Life",
"Pandora Hearts","Anime,Manga,Light novel",,"Action,Comedy,Fantasy,Mystery,Romance","Parallel World,Parody,Variety,Dark Fantasy,Fairy Tales,Prison,Memory Loss"
"Pani Poni Dash!","Anime,Manga,Original Video Animation,Audio Drama",,Comedy,"Parody,School"
"Panty & Stocking with Garterbelt","Anime,Manga",,"Action,Comedy,Fantasy",
"Panzer World Galient","Anime,Film,Original Video Animation",,"Mecha,Science Fiction,Fantasy","Military,Space"
"Papa Datte, Shitai","Anime,Manga",,"Yaoi,Hentai",Shorts
"Papa no Iukoto wo Kikinasai!","Anime,Manga,Light novel,Games",,"Comedy,Romance","Incest,Childcare"
"Papillon Rose","Anime,Original Video Animation",,"Comedy,Drama","Magical Girl,Fanservice,Aliens"
Papuwa,"Anime,Manga,Games",,"Adventure,Comedy",
"Paradise Kiss","Anime,Manga,Film,Live Action",Josei,"Drama,Romance",
"Paranoia Agent","Anime,Novel",,Horror,
"Parappa the Rapper","Anime,Games",,"Action,Adventure,Comedy",Musical
"Parasol Henbē","Anime,Manga,Games",,"Adventure,Comedy,Fantasy",
Parasyte,"Anime,Manga,Film,Live Action",Seinen,"Action,Drama,Horror,Psychological,Romance","School Life,Gore,Mutants"
"Pastel Memories","Anime,Manga,Games",,"Action,Adventure","Maid,Otaku,Meta Fiction"
"Pastel Yumi","Anime,Manga,Original Video Animation",,Fantasy,
"Patema Inverted","Anime,Film",,"Drama,Fantasy,Science Fiction",
Patlabor,"Anime,Manga,Light novel,Original Video Animation,Film,Live Action,Games",,"Comedy,Drama,Mecha,Slice of Life","Police,Workplace"
"Peacemaker Kurogane","Anime,Manga,Film,Live Action,TV drama",,"Action,Comedy",
"Peach Girl","Anime,Manga,Film,Live Action,TV drama",,"Comedy,Drama,Romance",
"Penguin Musume","Manga,Anime",,Comedy,
Perman,"Anime,Manga,Film,Games","Kodomo,Shōnen","Adventure,Comedy",
Persona,"Anime,Manga,Novel,Live Action,Games,Guide Book",,Fantasy,
Pet,"Anime,Manga",Seinen,"Supernatural,Mystery,Psychological",Supernatural
"Pet Shop of Horrors","Anime,Manga",,"Horror,Mystery",
"Petite Princess Yucie",Anime,,"Comedy,Romance",
"Phantasy Star","Anime,Games,Guide Book",,"Action,Fantasy,Science Fiction","School,MMORPG"
"Phantom in the Twilight","Anime,Manga",,Fantasy,"Suspense,Monsters"
"Phantom: Requiem for the Phantom","Anime,Manga",Seinen,"Action,Drama",Thriller
"Phi Brain: Kami no Puzzle","Anime,Manga,Guide Book",Shōnen,"Action,Adventure,Fantasy,Mystery","Puzzle,School Life"
Phoenix,"Anime,Manga,Original Video Animation,Film,Live Action",,"Science Fiction",
"Photo Kano","Anime,Manga,Novel,Games",,Romance,
Piacevole!,"Anime,Manga",,"Comedy,Slice of Life",
"Piano no Mori","Manga,Film,Anime",,"Comedy,Drama,Slice of Life",
Pikaia!,Anime,Kodomo,"Drama,Slice of Life","Education,Space"
"Ping Pong","Anime,Manga,Film,Live Action",,"Drama,Psychological,Sports",
Pita-Ten,"Anime,Manga,Light novel",,"Drama,Fantasy,Romance",
"Planet Robot Danguard Ace",Anime,,Mecha,
"Planet With","Anime,Manga",Seinen,"Mecha,Science Fiction","Memory Loss,Superhero"
Planetes,"Anime,Manga",,"Drama,Science Fiction,Slice of Life","Space,Workplace"
"Plastic Memories","Anime,Manga,Visual novel,Games",,"Drama,Romance,Science Fiction",
